{"cameraMode":{"drawMode":0,"name":"Shaded","section":"Shading Mode"},"sceneLighting":true,"audioPlay":false,"sceneViewState":{"m_AlwaysRefresh":false,"showFog":true,"showSkybox":true,"showFlares":true,"showImageEffects":true,"showParticleSystems":true,"showVisualEffectGraphs":true,"m_FxEnabled":true},"in2DMode":false,"pivot":{"x":38.379539489746097,"y":-0.29358577728271487,"z":-18.796295166015626},"rotation":{"x":-0.06694767624139786,"y":-0.3650505244731903,"z":0.02632736600935459,"w":-0.928210973739624},"size":55.12982177734375,"orthographic":false}