{"cameraMode":{"drawMode":0,"name":"Shaded","section":"Shading Mode"},"sceneLighting":true,"audioPlay":false,"sceneViewState":{"m_AlwaysRefresh":false,"showFog":true,"showSkybox":true,"showFlares":true,"showImageEffects":true,"showParticleSystems":true,"showVisualEffectGraphs":true,"m_FxEnabled":true},"in2DMode":false,"pivot":{"x":-3.097118377685547,"y":-3.6759514808654787,"z":2.064180374145508},"rotation":{"x":0.15599104762077332,"y":-0.47776535153388979,"z":0.08664150536060333,"w":0.8601771593093872},"size":23.356569290161134,"orthographic":false}