{"cameraMode":{"drawMode":0,"name":"Shaded","section":"Shading Mode"},"sceneLighting":true,"audioPlay":false,"sceneViewState":{"m_AlwaysRefresh":false,"showFog":true,"showSkybox":true,"showFlares":true,"showImageEffects":true,"showParticleSystems":true,"showVisualEffectGraphs":true,"m_FxEnabled":true},"in2DMode":false,"pivot":{"x":-0.323896199464798,"y":-18.053359985351564,"z":46.85417556762695},"rotation":{"x":-0.2292526811361313,"y":-0.0008789016865193844,"z":0.00020708504598587751,"w":-0.9733678698539734},"size":30.6387882232666,"orthographic":false}